{
    "x_coordinates": [
        0.05629522245831639,
        0.05536492363698529,
        0.054799792487167244,
        0.054282345412437774,
        0.054282345412437774,
        0.054282345412437774,
        0.05505027909840227,
        0.055192870572455935,
        0.05505027909840227,
        0.05505027909840227,
        0.05439090106774536,
        0.05439090106774536,
        0.05439090106774536,
        0.054282345412437774,
        0.054282345412437774,
        0.054282345412437774,
        0.054282345412437774,
        0.054282345412437774,
        0.054282345412437774,
        0.054282345412437774,
        0.054282345412437774,
        0.054282345412437774,
        0.054282345412437774,
        0.054282345412437774
    ],
    "y_coordinates": [
        0.005325825852018085,
        0.005243287487849548,
        0.005376605632292933,
        0.005295344447335613,
        0.005295344447335613,
        0.005295344447335613,
        0.005312393039294511,
        0.005317057615153479,
        0.005312393039294511,
        0.005312393039294511,
        0.005428396349728448,
        0.005428396349728448,
        0.005428396349728448,
        0.005295344447335613,
        0.005295344447335613,
        0.005295344447335613,
        0.005295344447335613,
        0.005295344447335613,
        0.005295344447335613,
        0.005295344447335613,
        0.005295344447335613,
        0.005295344447335613,
        0.005295344447335613,
        0.005295344447335613
    ],
    "z_coordinates": [
        1.114424958546249,
        1.0963973915588312,
        1.0886078221604252,
        1.0717258905568334,
        1.0717258905568334,
        1.0717258905568334,
        1.0718612021758467,
        1.0713481698724774,
        1.0718612021758467,
        1.0718612021758467,
        1.0637879821327814,
        1.0637879821327814,
        1.0637879821327814,
        1.0717258905568334,
        1.0717258905568334,
        1.0717258905568334,
        1.0717258905568334,
        1.0717258905568334,
        1.0717258905568334,
        1.0717258905568334,
        1.0717258905568334,
        1.0717258905568334,
        1.0717258905568334,
        1.0717258905568334
    ]
}