{
    "roll": [
        3.0857419193922726,
        3.0816412114590936,
        3.097255321153941,
        3.0926739137215353,
        3.0926739137215353,
        3.0926739137215353,
        -3.10441006847916,
        -3.0879017509103326,
        -3.10441006847916,
        -3.10441006847916,
        3.0905336755730306,
        3.0905336755730306,
        3.0905336755730306,
        3.0926739137215353,
        3.0926739137215353,
        3.0926739137215353,
        3.0926739137215353,
        3.0926739137215353,
        3.0926739137215353,
        3.0926739137215353,
        3.0926739137215353,
        3.0926739137215353,
        3.0926739137215353,
        3.0926739137215353
    ],
    "pitch": [
        0.53482805047939,
        0.59380197111038,
        0.5635626563372994,
        0.589805798884409,
        0.589805798884409,
        0.589805798884409,
        -0.48595078660098356,
        -0.47143063179230926,
        -0.48595078660098356,
        -0.48595078660098356,
        0.5867909789440358,
        0.5867909789440358,
        0.5867909789440358,
        0.589805798884409,
        0.589805798884409,
        0.589805798884409,
        0.589805798884409,
        0.589805798884409,
        0.589805798884409,
        0.589805798884409,
        0.589805798884409,
        0.589805798884409,
        0.589805798884409,
        0.589805798884409
    ],
    "yaw": [
        -0.049734188405671856,
        -0.07010160515294923,
        -0.021693657188482866,
        -0.040400071910978476,
        -0.040400071910978476,
        -0.040400071910978476,
        -0.04965462684937166,
        -0.04962752558691453,
        -0.04965462684937166,
        -0.04965462684937166,
        -0.04899073460614302,
        -0.04899073460614302,
        -0.04899073460614302,
        -0.040400071910978476,
        -0.040400071910978476,
        -0.040400071910978476,
        -0.040400071910978476,
        -0.040400071910978476,
        -0.040400071910978476,
        -0.040400071910978476,
        -0.040400071910978476,
        -0.040400071910978476,
        -0.040400071910978476,
        -0.040400071910978476
    ]
}